label,text
3,风可以加快水的蒸发，升温可以加快水的蒸发
3,头发上水蒸发吸热所以感觉冷，吹风机吹风加快空气流动，加快蒸发，风是暖的，水受热温度上升，蒸发加快，风暖和，头发受热感受不到冷
1,头发里水分的汽化吸热，会感觉到冷，吹风机里温暖的空气，补充汽化所散失的热量，且吹风机下流动快。
3,水分温度升高，空气流动加快，加快了水的蒸发
1,空气吹风使周围空气流速大，且周围空气温度升高，所以头发吹干
1,温度高，分子运动加剧，水吸热速率加快蒸发速率加快，水更快地汽化为水蒸气。
2,热空气可以提高蒸发速率，蒸发吸热，提供热量可以加快头发上小水珠蒸发。
1,①提高风的温度②加快空气流通速度可以加快水蒸发很冷因为水蒸发吸热。
2,风速和高温加快了水的蒸发
1,水蒸发吸热，温暖的空气为其蒸发提供了更多热量，空气流动加大了空气与水的接触。
1,空气流速快，温度高，表面积大，蒸发越快
2,头发上有水，吹风机吹出的空气温度较高会促进蒸发，吹风机不断吹出空气促进蒸发。
1,增加头发表面空气流动速度，加快蒸发
1,水遇热分子做剧烈无规则运动，上方空气流速快，加快蒸发
2,头发上的小水珠在空气中遇热蒸发吸热，感觉很冷。吹风机可以加快空气的流动速度，加快了水的蒸发，并提高了头发的温度，所以头发很快变干。
3,头发是湿的，上面有水，水蒸发吸热，所以会感觉很冷。吹风机吹出温暖的空气（大约50℃）加快气体流动速率，升高温度，加快蒸发，所以很快头发就被吹干了。
3,吹风使头发加大了与空气接触面积，加上热空气风速快的流通，加快了头发上水分的挥发，使头发快干
2,风速和高温可以加速水分的蒸发。
3,蒸发吸热，所以感觉很冷。因为温度升高和液体上方空气流速增大，所以蒸发快。
0,水的比热容较大
3,头发上的水蒸发吸热，所以冷，吹风机吹风加快空气流速使蒸发变快，风是暖的，水受热温度上升，蒸发加快
3,湿的头发蒸发吸热所以会感觉很冷，用吹风机吹头发，增大了空气流动速度，增加了温度，使得水蒸发得更快，所以头发很快就吹干了
2,A、感觉很冷，头发上的水珠蒸发吸热。B、吹出暖风，暖空气与冷空气进行能量交换，使温度总体升高蒸发速率加快
2,水蒸发，加热可以使水蒸发加快
2,蒸发吸热，空气流速变大，蒸发快
3,头发上的水蒸发吸热，所以感觉冷，吹风机吹风加快空气流速，蒸发加快，吹出的风是暖的，水受热温度上升，蒸发加快。
1,吹风机增加空气流速，增加温度，加快水的蒸发。
3,空气流动和高温可以加速水蒸发
3,头发上的水珠蒸发吸热，所以感觉很冷，吹风机吹风加快空气流速，使蒸发速度变快，风是暖的，水受热温度上升，蒸发变快所以头发很快吹干。
1,水上方气流速度变快，加快水蒸发。
3,电吹风吹出的热风加快了空气流动，提高温度，加快了水分蒸发，使头发被吹干
3,吹风使风速流通，热风加快表面水分散失，挥发使头发吹干
3,①吹风机的空气温度较高，可以加快水的蒸发②吹风机加快空气流动速度，使水蒸发变快
1,头发上的水发生了汽化
2,吹风时风速变快，加快头发上水的蒸发周围空气温度高
3,蒸发吸热吹风机吹风加快空气流速，蒸发加快，水变热温度上升，蒸发加快
2,头发是湿的因为头发上有冷的小水珠在受到由吹风机的暖空气后受热蒸发，故头发吹干
1,蒸发吸热，所以感到冷，头发是黑色，黑色吸热，所以不冷，速率大所以干的快。
3,吹风机加速空气流动，且使头发周围空气温度升高，促进头发蒸发的速度变快。
3,冷：水蒸发吸热，头发热量减少，感觉很冷。吹风机：①吹风机吹出的风风速大，加快头发表面水的蒸发。②温度50℃，水蒸发速度快。
4,1.水汽化吸热，所以感觉冷；2。提高液体温度，液体上方的空气流速，能加快液体汽化速度，能很快吹干。
4,使用吹风机的温暖的空气吹头，加快了头发上液体的表面上方空气流速，以及提高了液体的温度，加快了水的蒸发，所以很快就吹干了。
3,感觉很冷：水蒸发吸热。头发吹干：增加液体表面流速和温度可以加快水的蒸发。
2,①产生了汽化现象②吹风机加快了液体表面流速，加速了汽化的速度，产生的蒸发现象不需温度的高低，与空气温度无关。
3,吹风机可以增大头发表面空气流速，提高头发温度，从而加速头发上水分蒸发，快速吹干。
4,头发是湿的，蒸发吸热，所以小红感觉很冷。吹风机吹出温暖的空气，加快液体上方空气流速，提高液体温度，加速水汽化，因此水很快吹干了。
4,①感觉冷：头上的水蒸发吸热②吹干：吹风机使头发上方的空气流速变快，并使水的温度升高，加速了水的蒸发，所以头发很快吹干。
4,吹风机可以加快空气流速，50℃大于常温，所以温度升高了，升温于加快空气流速能使头发里的水分加快蒸发。
4,头发的水如果自然汽化，会很慢，吹风机加快液体上方空气流速，使液体温度升高，所以汽化加快，很快将头发吹干。
1,吹风机加快水的蒸发
4,头发中有水分，汽化吸热，所以小红感到冷。吹风机可以使水分表面空气流速增加，水温度提高，加速水的汽化，所以头发很快会干。
1,水发生蒸发现象，吹风机提高液体温度，同时加快液体表面空气流速，因此蒸发变快。
4,感觉冷：湿头发在常温室内汽化吸热，使头发温度降低，所以感觉冷。吹干了：吹风机吹出温暖的风，加快了头发表面空气流速，提高了头发温度，加快了头发上水的汽化，所以头发很快吹干了
2,水在头发上，吹风机吹出的风会加快液体上方空气流速，使头发上的水更快蒸发。
2,头发上的小水珠因被热风吹，吸热汽化成水蒸气。
3,吹风机可以提高液体温度并加快液体表面空气流速，从而加快头发上水分蒸发，将头发吹干。
2,刚洗完头，感觉很冷是因为洗完头，头发上有水，水汽化吹热，用吹出暖风的吹风机很快就能吹干是因为水汽化的快慢与周围的温度和上表面空气流速有关，所以很快就干了。
1,温度升高，蒸发加快。
4,湿头发中的水分蒸发吸热，所以感觉冷。吹风机吹出温暖的空气可以加速空气流速，提高头发周围的温度，可以加速蒸发，故干得快。
3,头发吹干要将水汽化，吹风机可以提高温度，加快表面空气流速，从而加快头发上的水的汽化。
1,液体的蒸发速率与液体表面空气流速与温度有关。表面空气流速越大，温度越高，液体蒸发越快。
2,温度较高时，湿的头发上的水珠蒸发较快，水分蒸发后头发便干了。
2,因为湿头发遇到热的水蒸气，会遇热汽化，湿发会汽化，所以头发会变干。
4,小红洗完头，头发湿，感到冷是由于头发上的水蒸发吸热，带走了人体的部分热量。吹风机在吹头发时，增加了头发周围的温度，同时加快了头发附近的空气流速，将部分附着在头发表面的水吹散，增大了其表面积，使头发上的水的蒸发速度加快，从而使头发被很快吹干。
4,感觉很冷是因为头发上的水汽化，吸热。很快就将头发吹干了是因为吹风机加快了头发上的水表面的空气流速以及其温度，所以使其蒸发（汽化）变快。
1,吹风机加快了液体上方空气流度及液体温度，导致蒸发加速
3,吹风机加快了头发上方的空气流速以及增加温度从而导致蒸发加快。
3,影响蒸发快慢的因素有空气流速，温度，空气流速越大，温度越高，液体蒸发越快，于是很快吹干。
3,头发上的水分蒸发，①加快了头发表面的空气流速，②增加了头发周围空气温度，③增加了头发接触空气的表面积
4,①由于小红头发上的水汽化吸热，所以感觉冷②吹风机吹头发加快液体表面空气流速，吹风机吹出空气温度大于头发上水的温度，发生热传递，使液体升温，所以加快了汽化进程，所以干的快
4,感到冷是因为头发上的水汽化吸热而吹风机吹出温暖空气使温度升高，空气流动速度变快且面积增大，所以头发很快吹干。
4,①头发上的水汽化吸热，使头发温度下降，感觉很冷。②吹风机使头发水上方的空气流速变大，水温度变高，加快水的汽化。
3,温暖的空气可以使物体温度升高，空气流速变快，加速头发中水的蒸发汽化。
4,头发上有残留的水珠，水珠汽化吸热，所以感觉很冷，吹风机吹头发，可加快水珠表面空气流速，增加了水的温度，加快汽化所以很快将头发吹干。
3,使用吹风机，增大头发表面的空气流速并提高温，加快头发水分的汽化
1,吹出温暖的空气使温度升高，空气流速变快，加快蒸发速率。
1,吹风机吹出的热风加快空气流速，使水分迅速蒸发。
1,提高液体温度使液体汽化加快
4,头发上的水蒸发（汽化）吸热，所以感到冷。吹头发，也是汽化，由于温度高，液表空气流速快，所以汽化更加巨烈，很快干。
2,①头发是湿的，感觉很冷水蒸气吸热，带走热量，起降温作用。②“很快吹干”：液体的温度，液体表面的空气流速，均可影响液气蒸发的速度。
3,①刚洗完头，头发上的水珠汽化吸热，感觉冷②温度升高，汽化（蒸发）变快，液体上表面流速变快，汽化也加快
3,①头发是湿的，吹风机给升高了温度，加快了水的蒸发②同时吹风机加快了空气流速，加快了头发水的蒸发
2,刚洗完头时，头发是湿的，头发上的水汽化吸热，所以感觉很冷。吹风机吹出的空气的温度较高，使头发的水遇热迅速汽化，而温度越高，蒸发速度越快，所以头发很快就干了
2,温度较高，吹风机加快空气流速，加快了液体蒸发速度，所以很快就将头发吹干了
2,吹风机吹出风使湿润的头发表面温度提高，空气流速加快，所以吹干了。
3,吹风机吹出温暖的空气，即提高头发上水表面的空气流速，又提高了水的温度，加快了水的汽化，使头发干得快。
2,头发湿的时候头发丝上附着的水分从皮肤吸热蒸发所以小红感觉很冷。吹风机吹出的暖风可以使水分吸热蒸发，所以很快就吹干了。
1,提高液体温度，加快气体上方流速，增加表面积，加快蒸发。
1,吹风机呼出的热风会加快液体表面空气流速，升高水珠温度，加快蒸发
2,吹风机吹出的温暖空气使头发上的水发生汽化。刚洗完头感到冷是因为水汽化吸热。
0,吹风机吹热的空气，遇到冷的头发使头发上的水发生了液化，所以头发干了。
3,感觉很冷的原因是头发上的小水珠正在蒸发，吸收了热量，用吹风机吹头发使蒸发速度加快，所以很快就将头发吹干了。
2,风与热加速了水的蒸发。
3,刚洗完头，头上的水滴遇热汽化吸热，所以感觉很冷。吹风机吹出温暖的空气，提升了温度，也使水滴上方空气流速加快，加速了水滴蒸发，所以很快就吹干了。
2,提高温度，加大空气流速使蒸发变快，水分汽化成了水蒸气。
2,因为吹风机加热了温度，加快了液体上方空气流速。
2,吹风机①加快了空气流速，②温差变大，③增加了液体表面积，加快了液化现象。
2,小红在吹头发时，吹风机吹出的空气可以把头发上的水蒸发
3,吹风机可以加快水表面的空气流速；增大水的表面积，提高水的温度，所以头发很快就干了
2,吹风机吹温暖的空气是提高正在汽化的物体的温度，这种方法能使其汽化加快。
1,水蒸发汽化吸热。
3,头发上的水珠蒸发吸热，所以小红感觉冷，吹风机的风升高了头发上的温度，所以蒸发速度加快。
2,因为吹风机加快了头发外表水分的蒸发
2,因为拿吹风机吹头发就相当于增加了物体表面空气流速，所以使蒸发更快
3,感觉冷是因为头发上的水蒸发吸热，很快就将头发吹干是因为加快了液体表面的空气流速
2,增大了空气流速，提高了温度，所以使蒸发变快
2,头发上的水汽化，增加液体表面空气流速和液体温度能加快汽化
2,吹风机温度较高加速了头发中水的汽化速度。
3,头发是湿的是水变为气体汽化，汽化吸热所以感到冷。吹出暖空气，水的上方空气流速变大，加速汽化，热量温度变高加速汽化。
2,吹风机吹出温暖的空气，使头发上的水蒸发变干
3,冷是因为水蒸发吸热；吹风机吹出风，增加了水面空气流速，且热风使水温度增加，使水加速蒸发。
1,水汽化吸热，所以感觉冷。
2,吹风机吹出的温暖空气，促进头发上的水蒸发。
2,吹风机加快了液体表面上方空气流速
3,液体汽化与液体表面空气流速和温度有关，吹出的暖风加快了空气流速，又因为温度是暖的所以很快干了
2,因为头发上的水遇到热的空气，蒸发吸热变成水蒸气，将头发上的水带走，头发就干了。
2,因为气体温度较高和液体上方空气流速加快能加快水的蒸发速度
3,头发上的水发生了汽化，而汽化时吸热，所以会导致小红感觉冷；温暖的空气可以使头发上的水加快汽化，因为吹出的空气具有温度，使头部的温度上升，所以头发很快就干了。
2,用50℃吹冷水，使水遇热汽化了，成为水蒸气，于是头发干了。
3,加快液体蒸发的方法①加温度②加表面积③加快上方空气流速。吹风机吹热风，在顺头发时将水摊开，且吹出的风流速快，能加快头发上水蒸发，使其快速变干。
3,水的汽化吸热具有制冷作用，吹风机吹出热风，加快头发上的水表面空气流速与温度，可以加快汽化。
2,因为使用吹风机改变了头发上水的表面空气流速会加快水的蒸发。
2,吹风机加大头发附近空气流速，提高温度，加速了头发水的蒸发
2,吹风机加速了上方空气流速。温度和表面积加速了水的蒸发。（汽化）
2,用吹风机吹头发时，它会使头发上面空气流速变大，同时空气的温度较高，水就烧开了。
2,吹风机吹风加快了头发上水表面的空气流速，加快蒸发
3,感觉冷：头发上的水遇到空气汽化（蒸发）了。吹干：头发上的水遇到温暖的空气汽化（蒸发）了。
2,吹热风，使头发上的水珠发生蒸发，所以很快头发就干了
1,空气的热量加速了水的蒸发
2,水分从液态变为气态生化，增加表面积和温度，可以加强水分蒸发
2,吹头发可以增加温度，加快物体上方空气流速，从而加快水的蒸发。
1,物体温度越高，蒸发越快
0,流速越大，流体压强越小
2,“很快就将头发吹干了”是因为吹风机提供热量，将头发上的水蒸发了。
3,吹风机吹出的热风将头发上的水珠蒸发，热风还加快了头发上水珠表面流速，头发上的水珠加速蒸发
2,头发上面有小水珠，遇到热空气，蒸发成水蒸气。
2,电风扇中的电能转化为内能传递给了小红，热传递，水被蒸发了
1,感觉冷是因为水升华吸热，头发吹干是因为吹风机吹出的风是暖风且可以增大空气流速，使水生化
1,水蒸发了
2,增大发丝表面空气流速加快水的蒸发，温度升高分子运动加快加速水的蒸发
2,温度升高，散在头发上的水，受热蒸发成水蒸气飘在空中。
0,风吹干了
1,散开的头发增大吹风面积，温度高，水蒸发。
4,头发湿有水蒸发吸热所以感觉冷，头发很快就干了，因为温度升高，XX空气的行动，使水蒸发的速度更快
1,吹风机吹出的空气将头发的水蒸发了。
1,吹风机吹出的风的温度把头发上的水蒸干了
2,由于头发是湿的所以温度低使局部温度过冷。用吹风机是为了增快头发表面流速使其吹干
1,吹风机的暖风将头发上的水蒸发了。
1,吹风机吹出热风温度（大约50摄氏度）比头发的温度高，进行蒸发。
2,加快水的蒸发可以增加温度和物体表面气体流速
0,因为吹风机可以吹出热风可以把湿的头发吹干
1,温度越高，水分蒸发的越快
1,温度较高，冷的头发干的越快
1,水的蒸发快慢与温度有关
1,热风加快了水蒸发的速率
2,吹风机吹出的热风使头发丝上的水蒸发
0,湿头发吸热
1,水分被蒸发了。
2,吹风机吹出热风，使头发上的水分受热蒸发，使头发被热风吹干。
1,因为温度高使头发上的水蒸发了。
1,因为温度升高使水蒸发了
0,因为头发干了
1,头发上的水被蒸发掉。
0,因为头发中的水吹干了，水升华
0,因为吹风机吹出来的是热风，使头发上的水蒸发
1,在温暖的空气中，水蒸发了。
2,水遇空气会蒸发，吹风机风速大能快速吹干头发
1,温度高蒸发了水蒸气。
0,因为吹风机可以将头发吹干，吹风机吹出的热风在空气中快速形成一道水雾让头风充分吸收。
0,热胀冷缩
4,吹风机吹出暖空气，升高了温度，且加快了空气流速，使头发上的水汽化，所以头发干得快。
4,加快液体蒸发的因素有温度，表面积，空气流速。在本实例中吹风机吹出的风加快了头发表面可以流速，同时升高了头发周围的温度，加快了头发上的水蒸发，使头发很快被吹干
3,吹风机吹出温暖的空气，头发上的水汽化，同时吹风机使空气流速变大，水汽化蒸发更快。
2,吹风机使周围空气流速增快，加快水的蒸发，所以很快就吹干了。
2,空气流速越快蒸发越快。温度越高，蒸发越快。
2,温暖的空气比常温温度高，所以将头发中所含的水蒸发了，所以很快头发便被吹干了
4,湿头发蒸发吸热使温度降低所以感觉冷，吹风机吹出温暖的空气使温度升高，空气流速变快使蒸发变快，所以头发吹干。
1,温度升高，使其蒸发变快。
2,吹出的温暖空气在湿的头发上，可以使头发上的水汽化，从而使头发被吹干
3,小红刚洗完头，小水滴气化变为气态放热，温度降低，所以感觉很冷，在吹头发时，空气流速增大，蒸发快，所以很快头发就吹干了。
3,水遇冷空气降温，所以会变冷，当吹风机吹出热空气，遇到水珠，会升温蒸发，空气流速快，头发很快会干。
2,热空气能加速水分蒸发，使头发的水从液态变成气态，头发也就干了。
3,①把头发吹干是汽化，使液态变为汽态，水分被散失。②用吹风机加快空气流速，③温度高，加快汽化。
3,因为蒸发会吸热，所以很冷，虽然会加速蒸发，但是温暖的风，所以在加速蒸干时且会较温暖。
3,温度越高，分子运动越剧烈，水蒸发越快，所以头发很快吹干
4,水在头上时会蒸发，导致吸热，使头发感觉到冷，而吹风机吹出温暖的空气可以加快头发蒸发，但吹出温度高即使蒸发也不会感到冷，所以头发很快就干了。
2,温度升高，水被蒸发，空气流速增大，水分子运动强烈。
2,头发上的水，受吹风机吹出温暖的空气，汽化变成气体，散入空气中，所以头发吹干了。
1,当热空气遇到冷的头发时，会把水分吹干蒸发。
1,热空气加快水发蒸发
1,头发上的水珠被吹风机吹来的温暖空气汽化使水变成气体，，放入空气中，所以头发吹干了。
2,头发感觉冷是因为蒸发吸热，风可以加快蒸发
3,水蒸发吸热，吹风机吹的是热风，提供了水蒸发所需要发热量，且空气的速度快。
1,头发上的水分受吹风机吹出的温暖空气的影响吸热蒸发。
1,50°的空气吹在头发上的水上，水的温度升高，发生了蒸发
0,水蒸发吸热，用热风吹很快就干了。
1,小水珠通过吹风机吹出的50℃的暖风被蒸发，头发变干
2,吹风机吹出的温暖空气加快空气的流动，使湿的头发干得更快。
1,水蒸发吸热
1,温暖空气让水分蒸发了
3,因为空气流速加快，增快了水汽化的速度，加大温度，加快了水蒸发的速率
0,因为水的比热容大
2,水蒸发吸热，用热风很快吹干
1,温度开高，水蒸发
2,吹风机吹出的是暖风，通风能加速使头发干，温度高使水分蒸发，所以干的快
1,蒸发；把水蒸发成气态的水在空中。
1,温度高，头发干的快
1,蒸发
1,吹风机吹出的热量把头上的水给吹干了。
3,分子永不停息的运动，湿头发中的水遇热后蒸发，头发就变干了。
2,温度越高，空气流动速度越快，蒸发越快
3,“头发”吸收热量，吹风机使空气流动速度变快，头发上的水很快便蒸发了。
1,蒸发现象
2,温度越高，分子运动越剧烈。蒸发现象
1,暖气把头发吹干了
1,吹风机放出的热量把头上的水给吹干了。
1,吹风机放出的热量把头发上的水蒸发了
1,吹风机里吹出的热风把头发上的水蒸发了。
0,吹风机吹热
1,吹风机欢出热气将头发上的水蒸发了。
1,蒸发现象
1,蒸发现象
1,物理现象，水遇热蒸发
1,吹风机吹出来的热风，将头发上的水珠蒸发了。
1,吹风机吹出的热风让附着在发丝上的水分子蒸发了。
0,头发的温度小于吹风机吹出来的温度，所以吹出的是暖气。
2,吹风机吹出来的热风把头发上的水蒸发了，所以头发就干了。
1,吹风机吹出来的热风将头发上的水珠蒸发了
1,温暖的空气加快了分子的运动
1,加快了头发表面的空气流动使表面的水分干的更快。
1,蒸发现象
1,空气与温度的分子运动可以让头发快速吹干
1,吹风机吹的热风蒸发了水分子
1,蒸发现象
0,热传递
1,吹风机发出的热量把头发上的水蒸发了
1,加快了头发表面的空气流动，使表面的水分干的快。
1,因为吹风机吹热量把头发吹干
1,吹风机吹的热风让附着在发丝上的水分子蒸发了
1,蒸发现象
1,吹风机吹出来的热风把头发上的水蒸发的
0,热胀冷缩热风会把头发甩干
3,小红头发由湿变干，由液态变为气态，而吹风机作用加快蒸发。
1,冰糖在这杯水中的溶解度足以让冰糖完全溶解。
4,冰糖溶解在水中，形成溶液，冰糖以分子形式在水中游离，因为分子很小所以看不到
4,冰糖被水溶解，水位升高。冰糖主要成分为蔗糖，为分子晶体易溶于水，糖类通式为Cn(H2O)m，又称为“碳水化合物”，易溶于水。
1,冰糖在水中溶解形成肉眼无法看到的样子。
3,糖分子在水中移动，分散在水中，肉眼看不见，故消失
2,水分子是极性分子，易与其他物质溶解。
4,冰糖的主要成分为葡萄糖易溶于水，进入水中形成溶于水分子，达到人类肉眼无法看到的程度且水的量在适量范围内
4,扩散现象。冰糖分子在水中移动，分子在不停地无规则运动中。
0,化了
4,组成冰糖的微粒在水中不断运动，从而溶解在水中，水分子携带冰糖的微粒，因此冰糖看似消失了，实际上是分子成游离态游离在水中，肉眼无法看到。
1,冰糖溶解了
3,冰糖中冰糖分子遇水分子结合。冰糖融于水这是物体的属性
4,冰糖在水中溶解为小分子（人眼无法观察到），分散在水中。
1,冰糖溶解在水中。
1,冰糖在水中溶解为小分子物质。
2,冰糖遇热熔化，从固体变为液体，与水相融
4,冰糖是一个易溶于水的固体，当冰糖被放入水中时，冰糖溶解于水中，冰糖从固体变为了冰糖分子在水中
0,冰糖在水中溶解了
3,①冰糖在水中溶解②物质具有溶解性，当固体放到水中都会溶解，世上没有绝对不溶于水的固体（已存）。
2,冰糖分子扩散到水中
1,冰糖在水里消失是冰糖发生了溶解。
4,在烧杯中冰糖分子扩散，处于永不停息的无规则运动中，所以冰糖消失了
0,冰糖溶解了
4,冰糖在水中分解成分子的形式，游离在各个水分子间，在水中扩散至消失，蔗糖分子处于永不停歇的无规则运动之中。
1,冰糖在水中融解
3,将冰糖放入水中后冰糖溶于水中，并消失，由分子变成离子充分混合在水中。
2,冰糖溶解在水中，并使溶液呈饱和状态
1,冰糖溶解了
4,分子间是有空隙的，水糖进入水中慢慢融化，成蔗糖分子做无规则运动，进入水分子间的空隙
4,冰糖被水溶解，冰糖被分成很多分子，在水中做无规则运动。
0,冰糖融化在水中。
1,冰糖在水中溶解
4,冰糖溶解，分子处在永不停息地无规则运动中，糖扩散到了水中。
3,冰糖在水中溶解，以冰糖分子的状态分散在水中
1,冰糖溶于水
3,冰糖分子分解成原子后与水分子结合。
1,冰糖被水溶解，水中浓度过低，需要将冰糖稀释以至烧杯中同一浓度。
0,冰糖在水中融化
0,冰糖在水中融化了
0,冰糖在水中融化
3,固体冰糖在水中进行分解，以人类不可观测到的分子形式均匀地散播到水的每一处地方。
1,冰糖融点低，融于水遇水熔化
2,冰糖的溶解度小于水，冰糖在水中融化，溶解为糖水溶液。
1,冰糖在水中发生了溶解。
3,冰糖在水中，分子向四周扩散，分解至消失。
3,冰糖遇水开始溶解，由一个整体分子化分散在水中，宏观上出现逐渐消失的情况
0,冰糖融化了
0,溶解
2,吹风机对头发中的水分温度升高，空气流速快，蒸发量大。
2,吹风机吹出温暖的空气使头发上的水分温度升高，空气流速变快，蒸发速度加快
1,水被蒸发了。
1,水蒸气遇热蒸发。
1,温暖的空气将头发上的水蒸发了。
1,吹风机吹出的暖风将头发上的水分蒸发。
1,水蒸发掉了。
1,遇热蒸发
2,水珠蒸发吸热会带走小红头表面的热量而吹风机吹出的空气提供了大量的热，加快了水珠的蒸发
3,使用吹风机吹出温暖空气，因为吹风机内有电阻丝，通电后根据I2RT可以得出头发上的水吸热，由液态变为气态发生汽化，所以头发很快就干了。
1,有电阻，产生热量，空气加热
2,用吹风机吹干，提高了液体的温度，加快了空气的流动速度，可加快蒸发。
2,高温有助于水吸热蒸发，流动的空气有助于水蒸发
3,也是温度高，分子运动剧烈（加快），水分子汽化加快，故很快吹干了。“感觉很冷”，是因为水分子吸热（头皮表面）的热汽化，带走头皮热量。
3,温度高，分子运动剧烈。水分子汽化加快，很快吹干，感觉“很冷”是因为水分子吸热，带走热量。
0,P机=P电+P损
2,吹风机吹出的暖空气使头发上的水快速蒸发，使头发快速吹干
2,温度高使头发的水分不断蒸发。所以很快头发吹干。
1,水汽化
2,头发湿的，感觉很冷是因为水的比热容大，吸收热量。吹风机吹干头发，是因为水遇热蒸发
1,加快头发上的水分蒸发速度
2,头发上的水挥发放热，用吹风机吹，增加空气流通，头发很快被吹干。
1,加快头发上的水分蒸发速度
1,加热可以加快分子间的运动
1,因为加热可以加快分子运动
1,热风吹过，使头发上的水分蒸发速率加快。
2,空气流速增大，温度升高，使头发上的水的蒸发速度增加。
1,吹风机吹出的风，使头发上的水更快的蒸发了
1,吹风机吹热风，将头发上的大部分水吹走，小部分水蒸发
1,头发上的水在风和热的作用下蒸发变成气体
1,增加了头发表面空气流速和温度，使蒸发加快
1,空气对流蒸发了水分
1,让头发上水分子加速运动，也同时提高了温度
2,感觉冷是因为水汽化吸热。
1,暖风比冷风蒸发快
1,高温烘干水分。
1,液体遇高温蒸发。
2,头发表面有水，用吹风机吹头发时，头发表面有空气流过，且温度升高，于是水分蒸发
2,头发上的蒸发，吸收了一部分的热量；吹风机吹暖风，增大空气流速和温度，让水快速蒸发。
2,让头发上水分子加速运动，也同时提高了温度，会让头发上水分快速蒸发。
2,水是良好的溶剂，冰糖会溶解于水。
2,水是良好溶剂，而冰糖可溶。
3,水是良好的溶剂，能融大多数物质。冰糖可溶。所以当冰糖溶于水时，会发生溶解现象。
2,冰糖分子分散在水中
1,溶解
2,冰糖进入水中后，冰糖分子之间的相互作用力不足以维持其形态，冰糖分子散开与水分子冰糖溶解在水中
1,分子在做永不停息的无规则运动
1,分子在永不停息地做无规则运动
2,冰糖分子运动扩散于水中，冰糖溶于水
2,冰糖溶解于水中
2,冰糖中的糖分子扩散到水中，冰糖融化。
3,在水中，糖分子与水分子产生相互作用力，使糖分子进入水分子间的空隙中，和水分子一起形成水糖混合物
1,冰糖溶解在水中
1,糖分子运动到水中去了
3,水中对冰糖的溶解度未达到饱和，被水溶解，以人眼看不见的微小颗粒均匀分布在水中
1,冰糖分子X逐渐减小，直至人眼无法看到
1,冰糖可溶于水
3,水对糖的溶解度未达到饱和，被水溶解，以分子形式进入水分子之间空隙中。
1,溶解
1,冰糖溶点低，溶于水。
1,冰糖溶解，分子是运动的
1,糖会溶解在水中。
1,冰糖溶解在水中
1,冰糖溶解
1,冰糖溶解在水中。
1,冰糖溶化
2,冰糖溶解在水中
1,冰糖可溶于水
3,水对糖的溶解度未达到饱和，被水溶解，以分子的形式进入水分子之间的空隙中。
1,冰糖融解了。
2,冰糖被水溶解成糖分子在水中。
1,冰糖溶解于水中
1,冰糖溶解于水中
3,冰糖为可溶解性物质，放入水中后逐渐溶解，进入水中，消失不见。
2,冰糖溶解在水中
1,飞机的相对子弹的速度为0或很小
2,飞行员与子弹飞行速度大小方向都一样两者相对停止
2,飞行员飞机的速度与了弹的速度相等，两个物体间保持相对静止，所以能抓住
3,飞机与子弹往同一方向飞行且速度相近，子弹相对于飞行员运动较慢，所以能抓住
1,飞机速度大小方向与子弹一样
1,飞行员飞行速度和子弹速度相近，二者几乎相对静止。
2,此时飞行员驾驶飞机飞行的速度与子弹飞行速度一致，两物体相对静止，所以飞行员可以抓住子弹
1,飞机驾驶员与子弹飞行子弹与驾驶员保持相对静止。
1,在飞机上的飞行员速度和子弹速度相近，保持相对静止
2,子弹的速度和飞机速度几乎一致，所以相对静止，飞行员能抓住
1,飞机与子弹速度一致，飞行员与子弹相对静止。
2,飞行员飞行速度较快，子弹飞行速度也快，飞行员和子弹相对静止，所以飞行员能抓住。
2,子弹相对于飞机静止，飞机驾驶员可以抓住子弹
1,子弹与飞行员相对静止
2,高速行驶的飞机和子弹的速度相同，子弹与飞机相对静止，所以飞行员能抓住。
2,飞行员所在的机舱与子弹同速，所以飞行员与子弹基本相对静止，所以飞行员可以徒手抓住正在飞行的子弹
3,子弹速度很快，飞机也一样，当两者速度相近及发生相对运动时（相对静止），手可以抓住
3,飞机速度与子弹速度一样，两者相对静止，因此能抓住。
2,飞机驾驶员与子弹一起飞行，子弹相对于飞机静止，所以子弹相对于飞行员静止所以可以徒手抓子弹。
1,子弹与机舱保持相对静止
2,飞行员与子弹飞行速度大小方向都一样，相对静止
3,因为在空中，飞行员的速度与子弹速度相同，保持相对静止，所以顺手一抓就能抓住。
2,在高速运动飞机驾驶员与子弹一同飞行，子弹相对于飞机位置没有发生变化，所以子弹相对于飞机是静止的，所以飞行员可以抓住子弹
1,高速运动时，子弹相对于飞机是静止的，飞行员相对于飞机也是静止的。
1,子弹与飞机一起飞行，子弹与飞机、飞行员相对静止
3,飞行员与子弹飞行速度大小方向都一样，相对静止
2,飞机与子弹速度大小几乎相同，方向几乎相同，所以几乎相对静止。
1,相对静止
2,飞行员与子弹飞行速度大小方向都一样，相对静止
1,飞行员与子弹速度相等，相对静止
2,高速运动的飞机驾驶员与子弹一起飞行，子弹相对于飞机位置没有发生改变，子弹相对于飞机是静止的，所以飞行员可以抓住子弹
3,子弹速度和飞机速度相近，保持相对静止所以几乎能抓住。
1,飞机的速度与子弹差不多，两者相对静止
1,飞行员的飞机与子弹共速
1,子弹相对于飞机是静止的
3,当子弹与飞行员速度相同时，子弹与飞行员相对静止，所以飞行员可以抓住子弹。
2,子弹与飞机速度相同保持相对静止
1,飞行速度大小方向都一样，相对静止
2,飞机的速度与子弹的速度相同。飞机相对于子弹相对静止
0,两个相对运动
3,子弹和飞行员的速度大小差不多，所以相对静止，所以能抓住。
1,v机=v弹
1,飞机的速度和子弹一样，此时飞行员的速度和子弹一样。
1,子弹相对飞机静止。
4,子弹与飞机速度、方向相同，相对于飞机静止，所以能抓住。
1,子弹在动，飞机也在动，以飞机为参照物，子弹是静止的。
2,飞机和子弹是相对静止的，飞机和子弹速度，方向都相同
4,子弹与飞行员是以相同速度，相同方向运动的，两者是相对静止的状态所以飞行员能徒手抓住子弹。
1,以正在飞行的飞机为参照物，子弹是静止的
1,飞机与子弹向而行，以飞机为参照物，则子弹与飞机向对静止。
1,以飞机为参照物子弹和飞机是相对静止的
1,飞行员与子弹相对静止
1,飞机和子弹相对静止。
2,子弹的速度与飞机的速度相同，差较小，所以子弹的速度变慢，飞行员就能抓住了。
0,因为阻力使子弹的速度变慢。
3,因为飞行员和子弹的速度近似相等，方向相同，所以飞行员与子弹相对静止。
2,当V机=V弹时，飞机与子弹相对静止，所以就可以用手抓住了。
2,子弹与飞机是相对静止的，所以可以抓住。
4,因为子弹与飞机的速度相等且方向一致，即两者处于相对静止状态，所以飞行员能徒手抓住正在飞行的子弹。
1,子弹与飞机是相对静止的
4,飞行员的运动速度与子弹的运动速度相同，方向也相同，是相对静止的，所以可以抓住。
4,由于当时飞机与子弹为相同速度，相同方向，程相对静止的状态，让飞行员人为这是一只小虫。
2,在高空飞行时，子弹和飞机相对静止，所以能够抓住。
1,两者都相对静止
2,因为此时以飞机为参照物子弹与飞机是相对静止的，所以能抓住。
1,因为他飞机的速度=子弹的速度。
4,以飞机为参照物子弹是静止不要，这是因为物体的相对静止。
1,子弹和飞行员相对静止的状态。
1,以飞机为参照物，子弹相对静止。
1,子弹与飞行员保持相对静止状态
1,在高空中，以飞机为参照物，子弹是静止的，飞机与子弹相对静止。
3,飞行员所在的飞机与子弹的速度相等，相对静止，所以飞行员能抓住。
2,子弹与飞机相对静止，子弹的速度变慢，对人的伤害也减小，所以飞机员可以抓住。
1,子弹相对于飞机静止，飞机的速度与子弹相等。
2,飞机在运对，子弹也在运动。以飞机为参照物子弹是静止的，以子弹为参照物飞机是静止的，所以它们相对静止。
4,飞机与子弹相对静止。
3,飞机的速度和子弹的速度几乎相差，两者相对静止，所以飞行员能抓住子弹。
3,因为飞机的速度与子弹飞行的速度大致相同，两者相对静止，所以能抓住。
2,子弹与飞机保持了相对静止。当子弹与飞机在作同向且同速的运动时，以飞机为参照物，子弹是静止不动的，所以飞行员能抓住。
3,因为这粒子弹的飞行速度和飞机的飞行速度相近，两者几乎相对静止，所以飞行员可以抓住
1,正在飞行的飞机与正在飞行的子弹在空中相对静止。
0,因为在天空上气压较低，子弹无法与地面飞行速度一样快
1,因为他们相对静止（子弹和机舱）
2,子弹与空气处于相对静止的状态所以能抓住。
2,飞机与子弹的速度是相对静止的，因此，飞行员能抓住子弹。
4,飞机与子弹的速度一相，子弹就与飞机相对静止了，所以以飞机为参照物子弹是相对静止的，所以飞行员能抓住。
2,以飞机为参照物，子弹的速度不大。
3,如果以飞机为参照物，那么子弹是不动的，因为子弹的飞行速度等于飞机的飞行速度。
0,飞机的速度比子弹速度快。
1,以飞行员为参照物时子弹是静止的飞行员是运动的。
3,飞行员操控的飞机与子弹飞行的方向，速度是相同的，在空气中它们是相对静止的，所以飞行员能抓住子弹
1,①方向相同②速度相同③路程相同
3,飞行员开飞机和空中飞行的子弹处于同一速度，同一方向，飞行员和子弹相对静止，所以可以抓住子弹。
2,飞机在飞，子弹也在飞，子弹与飞机速度相似或相等，以飞机在参照物，子弹是静止的。
1,因为飞机飞行速度与子弹飞行速度相似处于相对静止状态，以飞机为参照物时子弹是静止的
0,因为子弹与飞机速度相似。
2,飞行员和子弹以同方向，速度接近的条件下移动，以飞行员为参照物，子弹几乎静止。
1,飞机与子弹的速度都很快，子弹相对于飞机是静止的。
3,因为飞机行驶速度与子弹速度相等，以飞机为参照物，子弹是静止的，所以飞行员能抓住。
3,子弹的速度和运动方向与飞机相同，与飞机形成相对静止，所以容易抓住子弹。
0,当运动的物体是以飞机为参照物，那么子弹的速度是比飞机慢得多
2,当以运动的飞机是参照物时，子弹是相对静止的
1,因为子弹和飞机的方向、速度机乎相同，若以飞机为参照物，子弹的速度会相对来说很慢
2,子弹与飞机的速度接近，基本等于相对静止
0,飞机速度比子弹速度快
2,飞机与子弹都在告诉运动，且方向相同，速度相近，所以子弹的动能不大，所以飞行员可抓住子弹。
2,子弹与飞机有相同的速度和方向，它们保持相对静止。
2,以飞机为参照物，子弹是静止的，所以不能抓住
1,子弹相对于高速飞行的飞机来说是静止的。
1,因为飞行员相对于小虫是静止的
1,以运动中的飞机为参照物，子弹是相对静止的。
2,飞机和子弹同向飞行，速度差不多所以一抓就抓到了
2,因为以运动的飞机为参照物是，子弹是静止的，所以可以抓住。
3,以飞机为参照物，子弹与飞行的飞机速度相似，方向相同，是相对静止的，所以能抓住
2,子弹相对于飞机是相对静止的，所以飞行员能抓住子弹
2,正在飞行的子弹相对于正在飞行的飞机是静止的，所以能抓住。
3,因为子弹、飞机的速度、方向大致相同，子弹相对于飞机为相对集中状态，容易被飞行员抓住。
3,子弹的速度与方向与飞机相同，以飞机为参照物，子弹为静止的，所以可以抓住。
2,在飞行员的眼中以飞机为参照物，和子弹进行对比子弹是静止的，说明飞机的运动速度与子弹的速度几乎相同，并且方向一致
2,因为子弹方向与速度与飞机方向速度相同，两者便相对静止
2,当以飞机作为参照物时，子弹是相对静止的，所以可以抓到。
2,当以飞机为参照物时，飞机于子弹是相对静止的。所以飞行员能抓住子弹。
1,以飞机作为参照物子弹速度不变
2,飞机与子弹方向相同，速度相同，以飞机为参照物，子弹是静止不动的
2,因为子弹相对于飞行员是静止的，所以可以被抓住。
2,子弹的速度=飞机的速度，所以子弹与飞机处于相对静止状态中
1,以飞机为参照物，子弹与飞机速度相同
2,子弹和飞机飞行速度和方向大致相同，所以相对飞机静止。
2,子弹与飞机速度都很快，子弹相对于坐在飞机中的飞行员是静止的
0,因为当时可能飞机没有在飞在地面上。
2,因为飞机的速度等于子弹速度，子弹飞机需于相对静止状态
2,飞机在空中运动，子弹同时也在运动，根据相对运动可知，相对于飞行中的飞机，子弹运动缓慢。
4,子弹在飞行时有很快的速度，飞机在飞行时也有很大的速度，两者速度相差无几，因此子弹相对于飞机或飞机中的飞行员来说相对静止或缓慢运动，因此飞行员可以抓住子弹
4,飞行员处于飞速行驶的飞机上，运动是相对的，飞行员相对于飞机静止，子弹在飞速行驶的飞机中，相对于飞机是静止的，因此能抓住。
0,飞机外气流快，内部气流慢，所以内部气压大于外部气压，子弹由外界进入飞机内，所以速度变慢
4,子弹飞行速度与飞机速度相差不大，二者相对静止，可以徒手抓住，日常生活中自身与子弹飞速度相差很大，以我们自身为参照物，子弹飞速运动，所以抓不住。
2,由于高空中，飞机在做匀速直线运动，子弹也在做匀速直线运动，所以飞行员眼中子弹是相对静止的，所以可抓住
3,在飞机飞行和子弹飞行速度相同，子弹对于飞机为相对静止状态所以能抓住。
0,飞机外气流快，内部气流慢，内部气压大于外部气压，进入时速度变慢
0,飞行员在飞机里，飞机同子弹一起做运动，由于惯性子弹可以被徒手抓住。
0,在高空中
0,因为他是在空中，气压低
2,因为子弹和飞行员都在运动，那么子弹相对于飞行员来说就是静止状态，所以能顺手抓住。
0,①子弹在飞行时具有惯性。
2,因为在高空中，飞机在作匀速直线运动，子弹也在作匀速直线运动，所以在飞行员眼中都是相对静止的，所以可以抓住。
1,飞行员与子弹在空中齐飞，速度相同，所以飞行员能够抓住。
0,因为飞机向前飞时子弹也在向前，但是由于子弹有惯性，且在高空中，空气流速慢，会缓慢向前，所以能抓住。
0,子弹与飞机保持相对运动，飞机速度比子弹较快
0,子弹发射出在空中会受到空气的阻力，所以运动速度减慢，所以飞行员可以抓住。
1,因为飞机与子弹一行在运动，在人的视角来看，子弹就是与人同一速度
0,由于惯性飞机内部气流快与外界形成大气
0,子弹发射在空中会受到空气的阻力，所以运动速度减慢，所以飞行员可以抓住子弹。
0,机舱重力使子弹飞行轨迹变化
0,在子弹运动时，飞机也在运动
2,飞行员在空中飞行，子弹也在空中飞行，速度相同，所以能抓住。
3,因为子弹在高速移动时，飞行员也在告诉运动，相对于飞行员，子弹没有运动。
0,飞机外部气流快，内部气流慢，内部气压大于外部气压，子弹由外飞进内，所以速度变慢。
0,惯性
0,在高空中，空气流速会变得慢一些，使子弹出现“小飞虫”的假想。
0,飞机外部气流快内部气流慢，内部气压大于外部气压子弹外飞向内所以慢
2,一个物体运动，另一个物体随着运动，当两个物体速度一样时，可以手抓子弹
2,因为飞机的移动速度达到了子弹的速度，所以在速度相同的情况下可以抓住正在飞行的子弹。
0,因为高空气压大阻值大
2,飞机外部气流快，内部气流慢内部气压大于外部子弹由外飞进内所以慢
1,飞机飞行速度和子弹飞行速度一样。
1,飞机和子弹速度差不多
0,子弹在发射的时候速度较快，由于惯性使飞行员可能徒手抓住正在飞行的子弹。
2,飞机的飞行速度与子弹的飞行速度相同，方向一致，相对静止
3,因为飞机与子弹沿相同方向运动，且飞机与小虫速度相近，飞机与小虫相对位置变化不大，所以可以抓住。
2,因为高速飞行员和子弹一起运动，所以对彼此来说双方是静止的，所以能抓住。
3,飞机在空中飞行的过程中速度与子弹速度相差无多，以飞机为参照物，则子弹应为静止的，所以飞行员可抓住飞行中的子弹
0,飞机在空中飞行时，速度较大，同时子弹也在空中飞行。
2,飞机与子弹速度一致，所以两者相对静止。
2,子弹与飞机飞行速度相等，是由两者是相对静止的，可以抓住
0,子弹的速度变慢了，声音不能在真空中传播，由于XX
2,因为告诉运动的飞行员与子弹一起飞行，子弹相对于飞机来说是经静止的
2,飞机在飞子弹在飞，飞行速度一样所以飞行员可以抓住
1,因为子弹和飞机速度差不多，以飞机为参照物子弹是静止的，所以能抓住
1,子弹由于惯性向前飞，而飞机也在向前飞，所以在飞行员眼里子弹速度变慢。
1,因为高速运动的飞行员与子弹速度大体相同
2,飞机的速度与子弹的速度大，以人为参照物，子弹是静止的，所以能抓住
0,飞机速度飞行快，身边空气流动快，压强大使子弹飞行速度慢
0,相对运动
3,因为高速运动的飞行员与子弹一起飞行，子弹相对于飞机来说是静止的，所以能抓住。
0,压强大，子弹速度变速
0,这个子弹没有在飞行
2,飞机的速度和子弹的速度差不多，声音在空中子弹在飞行员眼中相对于静止的。
3,因为高速运动中的飞行员与子弹一起飞行，子弹相对于飞机来说是静止的，声音可以抓住
2,飞机速度快与子弹的速度基本相同，是由可以抓住
1,因为飞机同是也在运动，子弹与飞机速度一样时子弹速度减缓
0,海拔越高气压越小，在气压小的时候人会出现觉。从而看错。海拔越高，氧气越少，人会出现高原反应，从而缺氧。出现觉
0,速度差不多
2,因为飞机和子弹沿相同方向移动且速度相当，所以可以抓住
2,在船舱中的子弹，由于惯性，持续地飞，飞机X飞，两者速度相同时，子弹就像是在静所以可以抓住。
1,在运动中，子弹与飞行员是一起运动
0,机舱内的空气阻力减小，子弹飞行的速度降低。
3,飞机在空中飞行速度与子弹大差不多，所以在空中子弹和飞机在飞行员眼中如同静止，所以可以徒手抓住飞行的子弹。
0,因为他是超人
1,子弹具有惯性和飞机速度一样
0,平时的子弹是很快的，但飞行员在飞行中比子弹还快，所以子弹像“小虫”。
0,因为在天空中受大气压的原理压强很大使飞行员能抓住
2,飞机运动速度与子弹速度相同，相对静止
2,子弹的飞行速度和飞机的飞行速度相同，子弹和飞机保持相对静止。
2,飞机的速度和子弹速度相同，相对静止。
1,相对静止。
3,飞机与子弹一起飞行，速度相同，子弹相对静止。
1,飞机速度与子弹速度相同
2,飞机的速度和子弹的速度一样，相对静止
1,相对静止的。
3,飞机飞机的速度很快，在空中，空气阻力较大，而子弹质量很小，所以两种共同飞行飞，飞行员与子弹可以保持相对静止，因此可以抓住飞行的子弹。
1,相对静止
2,因为高速流动的飞机驾驶员与子弹一起飞行，子弹相对于飞机的位置没有发生改变，所以子弹相对于飞机是静止的。
1,因为飞行员与子弹相对静止
3,已知飞行员在机舱中，故随飞机移动，速度大于或等于子弹，根据相对运动的物体对于另一个速度相同物体来说加速度是不变或变化很慢的，动能相对小，故能抓住子弹。平时不可能徒手抓住子弹是因为子弹相对于静止或速度相差很大的慢速运动物体来说有很大的动能，动量人体无法承受，与空气摩擦也会产生较大的热量，更不可能抓住。注：飞机在平流层飞，空气稀薄，子弹飞行不会产生较大热量
2,已知飞行员在机舱中，故随飞机移动，速度大于或等于子弹，根据相对运动的物体对于另一个速度相同物体来说加速度是不变或变化很慢故能抓住子弹。
1,机械与子弹速度差不多
3,飞行员和子弹运动方向相同，速度几乎相同，所以飞行员能抓住子弹
2,由于机舱高速飞行，相对于子弹飞行来看，子弹速度非常慢，所以可以徒手抓子弹。
1,子弹相对于飞机是静止的
0,分子间的相对运动。
1,与子弹保持相对静止或其趋势。
3,在天空中，子弹的速度与飞机速度相差较小，相对静止，飞行员可以抓住子弹
1,与子弹保持相对静止或趋势
2,子弹相对于飞机是静止的，所以能抓住
1,他们之间的速度相对静止
1,他们之间的速度相对静止
2,子弹与飞机达到了共速，相对于飞行员静止。
3,因为子弹与飞机速度大致相同，以子弹为参考系，飞机与子弹相对静止，所以飞行员可以抓住子弹
2,子弹相对于飞机是静止的，所以飞行员能抓住
2,因为飞机的速度和子弹的速度很接近，所以飞行员可以徒手抓住
2,飞机的速度与子弹的速度相近；在飞行员眼中子弹速度就慢了
2,飞机与子弹的速度和方向相同，飞行员以飞机为参考系，二者是相对静止的
1,运动相对静止了
1,方向一致时，子弹与飞间相对静止
2,子弹向前运动时，飞机也在向前速度相差不大，所以能抓住
2,子弹当时瞬间的运动速度与手速度相同，保持相对静止
2,因为子弹的运动方向与速度与飞机相同，呈相对静止状态。
1,相对静止
3,飞行过程中，飞机与子弹速度相同，所以飞机与子弹相对静止，可以轻松地抓住子弹
2,当子弹速度和飞机速度差不多时，子弹与飞机的相度速度就可以等比减小，那么子弹的速度就不会像原有的那般大，人就能抓住。
2,速度、方向一致时，子弹与飞机之间相对静止
1,热传递至两水等温
4,热水与冷水之间有温差，有热传递，冷水升温热水降温，直至温度一致，所以变为温水。热水中分子运动加快，冷水中慢，混在一间，分子间碰撞传递能量，直至每个微粒间能量一致，变为温水
2,冷水升温需要热量，热量由高处向低处流动，热水中热量流入冷水中，使冷水升温冷热间热量流动相对平衡
2,热传递，热量从温度高的热水传递到冷水中，直至温度相等。
1,热水冷水存在温度差，发生热传递
1,能量从高温处流向低温。
2,分子之间有空隙，分子是不断运动的，热水的微粒会被均匀分布在混合水中。
2,热水放出热量发生热传递直至冷水温度与热水温度一致。
1,热水和冷水接触，热水和冷水之间进行热传递使温度增高
1,温度不一样的物体，热能会传递至温度相等，热能量不变，传递给另一物体后温度下降。
3,热水内能大，具温度差进行热传递，冷水内能小，热量由多的地方转向热量少的地方，所以热水与冷水混合变成温水。
3,热水和冷水之间有温差，能量会从高温物体传向低温物体，最终达到温度相同。
2,根据Q=cmΔt，热量从温度高转移到温度低的物体，直至两边平衡，热水的热量被冷水吸收，变成温水
1,能量转移
1,发生能量转移，热能传递给冷水，热水速度下降至温水冷水温度上升至温水。
3,热水和冷水有温度差，会进行热传递，能量从高温流向低温，最终它们会变成温水
1,一定是热水和冷水，热水遇冷放热，冷水吸热，当两者是适量时，即热量平分时会变成温水
2,冷与热水进行热传递，实质是内能的转移，直至各部分温度一样时停止。
3,因为分子间具有间隙，热水和冷水会相互混合，把空袭填充起来，冷水与热水混合就变成温水，存在温度差，会发生热传递。
0,水具有热传导性
4,热水冷水间有温差，有热传递，冷水升温热水降温直到温度一致，所以变温，热水分子运动快冷水中慢，混在一起，能量传递。
2,冷水吸收热水的热量而升温，热水的热量因被冷水吸收而降温，二者中和变成温水。
2,热水和冷水混合，发生了能量的转移，热能给了冷水，使得热水温度下降至温水，冷水温度上升至温水
2,热水中的热量传递给了冷水，使冷水升温，热水消耗热量降温，随意变成温水。
1,分子间存在空隙，存在温度差，发生热传递。
3,热水和冷水间存在温差有热传递，冷水升温，热水降温直到温度一致，温差消失。
1,热水将热量传递给冷水，直至温度相同。
0,因为热的会变冷，冷的会变热
4,热水遇冷水，会有温差，有热传递，冷水升温，热水降温直到温度一致，所以变温，热水分子运动快，冷水中慢，两个混在一起，能量传递会变成温水
1,温度高向温度低进行热传递
3,热水温度高于冷水，两种水混合后平均温度降低，同时热量被传递给冷水使其温度升高。
2,一定热量热水冷水，有温度差产生热传递，高温补充低温，等到温度相同时变成温水
3,因为热水分子间隙较大，冷水分子间隙较小，冷水分子填充到热水分子中，就变成温水了。
1,热传递
3,热水遇冷水进行热传递，不断将热传给冷水，直至原来的冷水热水水温相同，就变成了温水
2,冷水与热水间存在温度差发生热传递
2,热水与冷水间存在温差，有热传递，冷水升温
2,热水内能大，冷水内能小，热冷内能中和变成温水
1,热传递高温向低温直至温度相等
2,冷水和热水中的分子不停的运动，使混合物中冷、热水分子均匀分布，变成温水。
4,两者温度不同，热水和冷水发生热传递，冷水吸热，热水放热，直到两者温度相同，不再热传递。
2,热量由热水传递给冷水，最终两种水温度相同，热量不再相互传到，变为温水。
2,当热水和冷水混合时，热水和冷水之间进行热传递，所以会变成温水
2,热水遇到冷水放热，冷水遇到热水吸热，中和一下就成了温水。
1,①冷水密度大于热水。②构成物质内分子总在永不停息地做无规则运动。
2,热水与冷水热量一多一少，发生热传递，最终维持在稳定状态后变成温水
2,热水与冷水发生热传递，热水放热冷水吸热，变成温水。
2,因为热水和冷水接触时发生了热传递，热量从热水到达冷水，热水降温，冷水升温，成了温水。
2,因为将热水和冷水混合，热水会发生热传递，冷水会变热，但冷水和热水质量就这么多，所以会变成温水。
2,冷水温度低，热水遇冷水会将热量传递给冷水，所以会变成温水。
1,热水放热。冷水吸热。
1,因为分子在不断运动
1,分子在不停运动。
1,热水遇冷放热，冷水遇热吸热
2,热水、冷水减发生热传递。
2,热量总是从温度高的物体传递到温度低的物体，所以当热水冷水混合时，热量减小，所以变为温水。
2,热量总是从温度高的物体传递到温度低的物体，所以当热水与冷水混合时，热水的热量减小，冷水的热量增大，从而变成温水
2,热水与冷水之间发生热传递，热水放热冷水吸热，直至它们温度相同，都变成温水。
4,①热水中的水分子运动得更剧烈，冷水中的水分子混合入热水后，进入了热水分子的运动间隙中，两者优势互补，形成运动适中的水分子，使成为温水。②热水与冷水间会发生热传递。
3,冷水与热水混合后，会发生热传递，又由Q=cmΔt知，热水与冷水发生热传递时，两物质比热容相等，因此会使热水降低一定温度，冷水升高一定温度（与其质量成反比），从而变成温水。
3,热水和冷水混合后，会发生热传递，已知Q=cmΔt，两者热传递时比热容相同，则温度介于两者之间，变成温水。
2,因为热水遇冷会凝固，则凝固的过程中不断放热，所以热水温度降低同时，冷水也在不断吸热，所以冷水温度升高，直至两者温度相同，变成温水。
3,热水与冷水有温度上的差异，在混合后，由于比热容不同，热水会放热，而冷水会吸热。当它们的温度变得相同时，热水放去了一部分热，变成温水，而冷水也吸取了一部分热，变成温水，从而可知，热水与冷水混合后会变成温水。
2,冷水吸收了热水的温度，直至将热水吸热与自己的温度相同时停止吸热，因而变成温水。
2,热水中部分热量从热水传递到冷水中，热水变冷，冷水变热因此混合为温水
2,热水中部分热量，传递到冷水中，热水变冷，冷水变热，形成温水。
2,热总是由温度高的物体传向温度低的物体，于是热水温度降低，冷水温度升高，得到温水。
3,热的水分子与冷的水分子结合，发生热传递热水能量减弱，冷水增加，所以变成温水
2,由于两杯水存在热量差，混合时发生热传递，热水温度降低，冷水温度升高，成为一杯温水
2,当热水与冷水混合时，热量不变，水量增加，水中发生热传递，使热水与冷水变成温水。
3,热总是由高温物体向低温物体传递，直至温度相等，所以热从热水传递到冷水，直至没有温度差，变成温水。
2,热水与冷水混合后，会发生热传递。
1,分子有间隙，在不停做无规则运动水的比热容大。
1,热水热量为Q1，质量为m，冷水热量为Q2，质量为m2，则有Q1/m1>Q1+Q2/m2+m1>Q2/m2
4,热空气向上，冷空气下降
1,热水分子动能大，冷水分子动能小能量叠加综合
1,热传递。
3,温度高的一方向温度低的一方传递热量，直至二者温度相等，分子间有间隙并在做永不停息的无规则运动。
2,温度由温度高的传向低的，热水遇冷水，内能减少，温度降低，冷水遇热水，内能增多，温度升高
3,根据温度总是从高的一侧传导至温度低的一侧，当二者混合时，热水将热量传递给冷水，但因为不能持续吸热，自身温度会下降，直到二者温度相同
2,当热水与冷水混合时，两者之间有温度差，会发生热传递，所以热水的水温下降，冷水的水温上升，温度稳定后就形成了温水
1,热传递，从高温传递到低温处
3,因为热水与冷水有温度差，热水的一部分热量传递到了冷水，所以热水变冷，冷水变热，直到温度相同成为温水。
2,热水遇到冷水放热，冷水遇到热水吸热，使热水中的热量分到冷水中，合成温水。
3,有温度差异的两种（或同种不同温）物体永远在发生热传递。此时较热方热水放热，同时较凉方（冷水）放热，过一段时间两者混合后温度会变为处于二者初温中间的一个温度，所以二者混合后变为温水。
1,热传递。温度高的物体总是将热量传给温度低的物体，直至温度相当。
2,热水和冷水相遇，会发生热传递，使热水和冷水温度相同。
3,热传递，热水将热量传递给冷水，当热水温度等于冷水温度时，热传递停止，成为温水。
3,热水中的热分子与冷水中的冷分子结合后发生热传递。
3,热水的温度高于冷水，热量会被传递给冷水，使其温度升高，最终达到一个平衡的状态。
1,热水遇冷水温度降低。
2,发生了热传递，热水里的热量传递到冷水，此过程中热能减少，所以成了温水。
1,温差相互抵消
1,热的水遇到冷的水，则会使热水温度降低。
1,热传递
0,温度下降了
1,因为热水的温度要高一些，混合在一起时变成温水。
2,因为热水和冷水发生热传递，混合水的温度=热水温+冷水温/2
3,因为水分子之间具有空隙，所以温水倒进冷水中时，冷水分子间的空隙会被热水分子塞满，就变成了温水。
2,热水中的热传递给冷水，所以会变温。
3,发生了热传递，热水将热能传递给了冷水，自身热能减少，而冷水温度升高，所以变成了温水。
1,发生了热传递现象。
2,能量总是会从能量高的地方流动到能量低的地方，热量高的热水与热量低的冷水混合，使热量从热水到冷水中，从而形成温水。
2,由于热传递的因素，热水中的热能量，传给了冷水一部分，使其变为温水。
2,热水与冷水相融合，从而导致热水降低温度，冰水升温，待其温度一致时，变成了温水。
1,热水传温给了冷水
2,热水的温度高，冷水的温度低。冷水会将热导向自己，所以变为温水。
1,热水遇冰，温度降低
1,热传递（分子之间运动）
0,热空气往上，冷空气往下，两者相融。
1,冷水遇到热水蒸发吸热，使温度降低。
2,热水与冷水的质量都一样，只是温度不一样，可以混合，而热水与冷水混合的过程中，有一部分热或冷被另外一种抵销了，所以会变成温水。
2,热水遇到冰水，气温变低，凉水遇到热水，气温上升。两种混合物变成了温水，蒸发吸热
0,热效应
2,热水的温度较高，冷水的温度较低，混合以后水的温度会中和热水与冷水的温度变成温水。
2,热水和冷水发生了热传递，两者中和变成温水。
4,这是物体发生了热传递。热通常由高温物体传向低温物体，所以当热水与冷水混合后，热水与冷水之间发生了热传递，变成了温水。
1,热水和冷水混合后，热能分了一些给冷水。
1,冷水使热水温度降低，从而变成温水，热水使冷水温度升高
0,热胀冷缩
1,温度高与温度低的水混合在一起。
1,热传递。
1,冷水吸收了热水的热量，所以变成了温水
1,热水遇到冷水，热水会变凉；冷水遇到热水，冷水会变温。两者比例相同时，融合后水变温。
2,热水的内能传给冷水，使其温度升高，两者中和。
2,因为热传递，内能是从温度高的传到温度低的一方
4,热水与冷水发生热传递，热水将内能传给冷水，热水的内能下降温度下降，冷水的内能上升，变为温水
3,热传递当物体或物体的不同部分之间存在温度差时，就会发生热传递，热传递时，能量从高温处转移到低温处，直至温度相同
2,热水的内能转移到了冷水中，热传递
2,热传递的方式，使水的内能相互传递，从而变成温水。
1,热传递
2,两者热传递至同一温度
3,热传递现象，温度高的物体会将热量传递给低的物体，直到温度相等。
0,互相抵消
2,水分子相遇，热遇冷成了温水
4,热水和冷水之间混合有温度差，温度大的热水与温度小的冷水产生热传递，传递内能知道两水温度相同
2,热水和冷水中的内能相互传递。
1,热水把部分热能传递给了冷水
3,热传递温度高的物体将内能传给温度低的使他们温度一致
0,热水的温度高
2,热传递使热水中的热量向冷水中传递使水升温
0,因为热水和冷水融合会变温
1,热水吸附了冷水的温度冷水吸附了热水的温度，又因同一物质相互融合后所以呈现温水。
2,发生了热传递，热水的内能减少
1,热传递
1,分子之间有空隙，使热水与冷水中和成了温水
1,分子在不停地做无规律运动
3,内能会从高温物体转移到低温物体，当两边温度相同时不会发生热传递
0,温度随高
1,分子在不停的运动
0,因为混合了
4,热传递，热水跟冷水之间存在温度差，能量从高温处转移到低温处，直到温度相同，变成温水。
1,热传递
1,分子在永不停息地运动
1,热传递
0,温度下降
0,混合成温水。
0,因为热水温度高，冷水低
0,冷水将热水的温度中和了。
0,热水和冷水是不同属性的，热水遇到冷水会变凉，冷水遇到热水会变热
0,冷水遇热热水会溶合成温水
0,因为热水是热的，冷水是冷冷的和热的混合在一起就是温的了。
0,因为进行了冷却
1,内能从高温物体传递到低温物体，直到两个物体温度相同
3,分子在永不停息的做无规则运动，热水和冷水混合后发生热传递，温度从高温物体传向低温物体。
3,把热水和冷水混合，热水由于热传递把热量传递给冷水，冷水吸收热量变成温水，热水放出热量也变成温水。
2,热水的温度高于冷水，根据热传递可知热量由温度高的物体传递至温度低的直至温度相同，所以会变成温水
1,分子在永不停息地做无规则运动，温度从高温到低温
1,分子间不断做无规则运动，分子间有空隙
2,水是由分子构成的，分子不断做无规则运动，冷热水相互融合，温度高的热水向温度低的冷水热传递直至温度相等。
1,分子间有空隙，且混合之后分子在永不停息的做无规则运动。
1,热传递。有自由移动的分子，由高温向低温传递。
2,分子在做永不停息的无规则运动，且能从温度高的地方转化到温度低的地方，直至温度相同。
1,物体存在温度差，发生热传递，能量从高温处转移到低温处，直至温度相同
2,分子间有空隙，当把热水和冷水混合时，分子在做永不停息地无规则运动，所以变成了温水。
1,分子在无规运动热传递
2,热水和冷水之间存在温度差，热水将热量传递给冷水直至温度相同所以变成温水
1,热水把热量传到冷水中，热水温度变低，冷水温度变高，形成温水。
2,热水与冷水混合，热水将热量传递给冷水，冷水吸收热水传递来的热量，相结合形成温水。
2,热水与冷水混合，分子永不停息的运动，在这运动中，热分子与冷分子结合，形成温水。
1,分子在不停息的做无规则运动。
1,热传递时能量从高温转移到低温，直至温度相同。
0,热水将自身热量给了冷水，自身温度下降
2,热水通过热传递把热传到冷水中，这样热水变为温水，冷水也变成温水
1,热传递
1,热传递时，能量从高温物体转移到低温处，直至温度相等
1,热水和冷水混合，热水将热量传递给冷水，温度中和
1,热水与冷水混合，内能高传递到内能低，变成温水
2,因为热水中的分子与冷水之间的分子相互运动，分子与分子之间有间隙，而分子又在永不停息地做不规则运动。
1,热水和冷水之间存在温度差，由于热传递，温度从温度高的传向温度低的地方。使两者温度相同。
1,热水遇冷水温度低，分子在永不停息的做无规则运动，温度越高，运动越快，温度越低，运动越慢
1,因为热量都是自高温向低温传递当它们恒温时就不会进行热传递。
1,热量会从高温的物体转移到低温的物体直到两物质保持同一温度
1,热传递从高温传入低温，直至温度相同
2,液体之间存在温度差，由温度高的液体转移到温度低的物体，所以会变成温水。
1,热传递
1,分子之间不断运动且热传递将热水传入冷水中
2,热水内能大，内能大向内能小的传递
1,使热水变冷，使冷水变热，分子做无规则运动，分子之间有间隙
1,因为热水中的热和冷水中的冷，都混在一起找到一个平衡点，那就变成了温水。
1,因为热水中的水分子与冷水中的水分子相互运动产生间隙，热水分子与冷水分子再永不停息的做不规则运动
0,温度的变化
1,两种水温不同，放在一起自然会上升或下降，冷水把热水的温度降低，自然而然冷水的温度也上升了些。两种水温都降低了和升高了对方的温度。
3,分子作永不停息的运动，热水中的分子运动到冷水中的同时热量传递到冷水中，所以水变为温水。
1,温度高的物质会将内能传递给温度低的物质
0,因为热水温度太高了，与冷水混合，还会有一些热度存留
1,因为冷水会吸收热而热水会吸叫冷从而变成温水
1,分子在不断移动，混合现象
0,两种水温不同
1,两种水温不同，放在一起自然会上升或下降，冷水把热水的温度降低，自然而然冷水的温度也上升了些。两种水温都降低了和升高了对方的温度。
0,因为热水带有温度而冷水没有温度，把热水倒入冷水里面用热水的温度把冷水变成温水。
1,热水温度高，冷水温度低，两个相混合就会变成温水。
0,一个温高，一个温低
1,物体都是由高温固体转移到低温固体，热水遇冷水的体积相等，将热水倒在冷水中，那就导致变成温水
1,分子在做无规则运动
1,物理现象，水分子之间存在间隙
1,物体都是由高温物体转移到低温物体，当热水与冷水的体积相等时，那将热水倒在冷水中，那就变成温水。
2,因为分子无时无刻在运动，两种不同温度的水在分子相互交替中，就缓缓混合成了温水。
1,热传递
1,所有的物体都是从高温物体转移到低温物体，所以把热水和冷水混合后，就会变成温水。
1,物体都是由高温固体转移到低温固体，热水与冷水的体积相等，将热水倒在冷水中，那就导致变成温水。
1,把热水的温度传递到冷水从而变成温水发生了热传递
0,相互传递热量
0,分子在运动产生了混合现象
1,把热水的温度传递到冷水从而变成温水发生了热传递。
0,因为水分子相互融合。
0,分子在运动产生了混合现象
1,热传递
0,因为热水有温度而冷水没有温度，把它们混合到一起就变成温水了
0,互相传递热量
0,水火不容，冷热相容。
2,因为水分子无时无刻不在运动，两种不同温度的水在分子相互交替中，就缓缓变成了温水
0,分子在运动产生了混合现象
0,冷热现象
1,热传递
0,扩散现象
0,扩散现象
0,水分子扩散作用。
2,热水放热，冷水吸热。二者相互接触互溶，变成温水。
0,水分子扩散。
0,水分子扩散。
0,水分子扩散的作用。
0,互溶。
1,可以看作把冷水加热或者热水冷却了。
2,两者任意比例互溶，热量由热水中转移到冷水中。
1,热传导
1,内能从热水传递到了冷水。
2,水具有导热性，热水的热量传给了冷水
3,热水是因为吸收大量热量，分子移动也会变快，冷水是因为释放热量，分子移动较慢，将热水与冷水混合时，能量由高到低，热水的热量会被冷水吸收，直至温度一致，误差值。
3,热水与冷水混合，热水放出热量，使能量传递，直到温度相同，所以变成温水。
2,微粒流动。热传递中热量总是从内能大的物体传给内能小的物体
0,扩散现象
1,热量从内能高的物体向内能低的物体转移。
1,分子的扩散，分子在不停的做无规则运动
1,分子的扩散，分子在不停的做无规则运动
0,扩散现象
1,分子间的扩散，分子在不停做无规则运动。
0,扩散现象
1,热水温度高，释放热量的。
0,分子在不断做扩散运动
0,分子在不断做扩散运动
2,热水温度高，冷水温度低，热水与冷水混合，温度会趋同
2,热水温度高，热量高；冷水温度低，热量低，热量由高向低移动，所以热水热量减少，冷水热量增多，直到热水热量与冷水热量相等，所以会变成温水。
2,热水与冷水混合时，热水放出热量，直到它们温度相同为止，所以变成了温水。
2,热水放热，冷水吸热，直到达到恒温，就成了温水
2,热水中的内能传入冷水中，两者温度相互融合抵消变为温水。
2,热水放出热量，一直到水的温度相同为止。
1,热传递对流
0,扩散现象
1,分子会运动。
2,热水在冷水中扩散，热水将温度传给冷水。
1,分子可以自由扩散。
2,热水和冷水混合，热水放出热量，直到它们温度相同
1,热水设为10，冷水设为（-8），10+（-8）=2，两两相互抵消了一部分热量
1,温度相互抵消
2,在红汤中大部分为红油比热容小于水，根据Q=cmΔt在吸收同等热量时，油的升温速度高于水，故红汤沸腾的快
1,因为红汤的沸点低，到达沸点所以吸收的热量少于清汤，所以红汤先沸腾。
2,油的沸点比水低，油自身具有保温效果，在油沸腾前表面的一层油能有效减少热量的散发，在油沸腾后，油面分解与水相结合形成油水混合物，油水混合物的溶点低于水再加之油沸腾前红汤一侧积蓄的热量本就多于清汤，故红汤一侧先沸腾。
2,因为红汤中有辣油，辣油的热容量比汤小，升温更快，更容易达到汤的沸点，所以红汤一侧先沸腾。
1,油的沸点比水低，当水温到油的沸点时，浮在水上的油沸腾造成红汤先沸腾的现象
1,油的沸点高，加热时可以为水吸大量热促使红汤一侧先沸腾。
1,红汤中不仅含水，而且含一点量的油，油的沸点远远低于水且白汤中大部分为水，所以红汤比白汤先沸腾
1,因为油的沸点低，且比热容比水的小，在相同时间内油吸热本领强，且两者都持续吸热所以红沸一侧先沸腾。
4,油的密度比水小，因此浮在水面上；加热火锅时，因为红汤表面有一层油，因此限制了热量的散失，使红汤部分的热效率高，所以红汤先沸腾
4,红汤中辣椒等材料经高温，也会放出一定的热量，放出的热量被水吸收，增加了水的温度，加快了水提高温度的速度，缩短了水达到沸点的时间，因此红汤一侧先沸腾。红汤中也有油，降低水的沸点，易沸腾。
1,油层使热量散不出去，水也沸腾的较快。
3,红汤一侧表面的油可以起到隔绝空气的作用使汤内温度不易向空气中扩散，所以比清汤沸腾快
2,因为油的沸点比水低，红油在吸收足够热时到达沸点，但此时水还没有到达沸点，所以红汤一侧先沸腾。
3,因为红汤一侧表面有一层油，所以他加热时产生的热量不容易散失，被油与空气隔绝。
0,油的沸点比水低。
1,油的比热容小于水的比热容，红汤一侧上层的油吸热少升温高，红汤一侧的清汤受热多，所以先沸腾。
2,清汤的大部分为水，而红汤的大部分为水而进而水的比热容比水加油的比热容要大，所以在相同质量，相同初温，加热相同时间时，清汤要吸收比红汤更多的热量才能较红汤达到相同的温度，所以红汤一侧先沸腾。
3,水的比热容比油的比热容大，水温度升高得慢，故水沸腾的也慢
4,①从比热容解释：即清汤溶质少，比热容≈水，但红汤溶质多，比热容较大，导热较强。②光学：红色较易导热，其中的能量是光的几种颜色中最大的。③红锅面上会有一层红油，油的比热容小，散热慢。④油会使其阻热
3,浮在表面的油起到保温的作用，阻碍热量的散失，所以红汤相对与清汤散失的热量少，更先沸腾。
3,红汤上面的油层可以给汤提供一个较为密闭的空间，使温度不易飘散而清汤的热损失大于红汤
3,水不溶于油，红汤一侧有油层阻碍了外界的冷空气，使得下面的汤水更快达到沸点。
3,红汤上有油，处于封闭空间，增加了热量汤更容易沸腾
2,因为油的沸点比水低，热值高比热容小，吸热升温比水快，所以起到了辅助加热的作用。
2,油的密度要大于水的密度，油的比热容 小于水的比热容，放油的温度易改变，所以红汤一侧先沸腾。
1,因为红汤那里的油会使红汤的沸点低于清汤的沸点所以红汤一侧先沸腾。
0,油的沸点比水低。
4,因为红汤中的油比热容比水小，沸点更低，沸腾需不断吸热清汤中因为一些热量被红汤吸收所以总是红汤一侧先沸腾补金属导热强，所以红汤沸腾时更容易吸收清汤中的热量油层隔减少热量散失
1,油的沸点比水低，所以油先沸腾，油沸腾时产生热能，使油下清水传播，使红汤边更快完全沸腾
2,油的比热容比水小，吸热后升高更快，所以总是红汤先沸腾。
3,红汤上会被油所覆盖，水蒸气无法出去，由此加快了加热效率
0,油的沸点比水低，所以在加热时，温度先达到油的沸点，所以红汤一侧先沸腾是因为油先沸腾了，而清汤一侧无油，所以沸腾较慢。
2,红汤一侧有一层油，油的比热容比水小，所以红汤一侧升温快，先沸腾。
3,油层起到一定的隔离红汤和空气的作用，具有一定的保温功能
1,红汤中主要成分为油，油的沸点比水要低。
2,锅中不断加热，红油锅中溶有小分子油性物质，因为油的比热容较水小，和水加热时，会比同量清汤快。
1,红汤中有油和水，油的沸点比水低，沸腾得快。
1,红汤内多油，油的沸点比水沸点低，而两汤体积相等，所以红汤侧先沸腾。
1,红汤一侧里有一层油，油的沸点比水低，所以红汤沸腾较快，油会防止热量散失
2,因为红汤的一侧有油，油的比热容要小于水的比热容，所以相同时间内，吸收相同的热量，油升高的温度要大于水的温度，且油的沸点比水小，所以总是红一侧先沸腾。
0,油的沸点低加了油的红汤更容易被煮沸
1,因为红汤内含油等物质，而清汤一侧有油层，油的熔点比水低，所以红汤先沸腾，在相同金属锅提供的热量上，油的熔点低于水。
3,红汤的油可以密封住红汤，从而加热时热量散失少，沸腾就快。
1,油层降低了火锅汤底的沸点，易升腾。
3,①红汤密度较大一些，其中水少些沸腾更快②红汤有油层有易蒸发散热，热量更容易得到保留所以沸腾更快
1,油的沸点比水的沸点低
0,红汤吸热能力强
3,1.清汤在加热过程中汽化吸热，加热速度较慢；2.红汤上的油阻止红汤汽化，加热速度快，所以红汤先沸腾。
2,红汤表面的油减少了汤的热量的散失，所以先沸腾。
1,油的沸点比水的沸点低，所以红汤一侧先沸腾
1,液体的材质、密度等都不同，则沸点也不同，红汤沸点低于清汤。
2,红汤表面覆盖红油，可减小热损，加速沸腾。
1,红汤中的油层与汤混合，使混合液体沸点降低，所以先沸腾。
0,油的沸点低
2,因为液体与空气的接触面会发生汽化，汽化吸热，所以会使清汤温度降低，红汤隔绝了空气，所以不会发生汽化。
2,因为红汤一侧的页面上有油，会减少蒸发，以及给锅中的汤加大压力，所以红汤一侧先沸腾。
1,红汤内溶有油，油的沸点比水低
2,红汤表面有油浮在水面上，减少温度散失，所以温度更高，易沸腾。
0,气压低
3,油阻隔了红汤内部水蒸气的散失，水蒸气不断液化放热，使红汤的温度高于清汤，所以红汤先沸腾
2,红汤一侧有油层，而另一侧只有水，油的沸点比水的沸点高，故油先沸腾，即红汤一侧先沸腾。
1,油可以减少热量的散失。
1,油层可以减少热量散失且油沸点高于水。
2,因为红汤上的一层油可以减少温度的散失，所以红汤升温快，先沸腾。
3,在质量，成分，初温相同时，油层沸点高，油层减小了温度从汤料到空气的散失，加快了温度的升高，从而红汤一侧先沸腾
2,麻辣风味的油隔挡了红汤与空气，减少它们之间的热传递，所以红汤升温快，先到达沸点，先沸腾。
2,红汤上有油层，水可以汽化，但无法出锅，所以红汤表面气压变大，故先沸腾。
2,油不溶于水且浮在水上，可防止水在表面发生热传递而散失热量，从而更快升温至水沸腾。
3,油不溶于水且浮在水面上，不会在表层蒸发散失热量，能更快达到沸点并沸腾。
1,红汤一侧页面有一层麻辣风味的油，油的沸点低于水的沸点。
2,红汤一侧表面有一层油膜，它完全覆盖住了水面，故在煮东西时，红汤一侧气压比清汤一侧气压高，沸点降低，所以红汤一侧在清汤一侧还未达到沸点时就已达到了沸点，从而先沸腾。
1,油的沸点低于水的沸点。当红汤的水在吸热时，其表面的油吸收水的温度，达到油的沸点时，油先沸腾。
3,油层遏制了红汤的蒸发，几乎没有散失热量，且清汤不断蒸发吸热，导致红汤先沸腾。
2,油层防止了红汤的蒸发，热量散失较少所以红汤先沸腾。
2,红汤上的油沸点高，能隔一部分的热量，能使温度更快升高，于是沸腾快。
2,①油减少了热水中热量的散失，所以沸腾比清汤快。
4,红油避免了液体表面发生汽化现象吸热，使液体更快升温，到达沸点，而两侧液体成分几乎相同，沸点相同，所以红汤先沸腾
3,油覆盖在水上减少了热量的散失并使红汤处气压下降，水能更早的到达沸点，从而沸腾。
3,油使汤汽化受阻，无法吸走大量热量，而清汤汽化吸热，升温比红汤慢，所以···。
2,油锅中的油沸点高可以隔绝空气，减少热量散失。
1,油沸点低，沸腾后可使红汤快速升温，所以总是红汤先沸腾
2,油将空气与汤隔绝，减少热量散失
3,油可以将汤汁与空气隔绝，减少热量散失，因而沸腾更快
3,红汤一面有油，可以防止热量散失，所以红汤比清汤要热，更先达到沸点。
2,上层有一层油，减少汤汁蒸发时带走热量
4,因为清汤和红汤的主要成分几乎相同，所以可能清汤油少，透明，红汤油多，颜色明亮红。红汤上的油层可以大大减液体表面水分的散失，汽化吸热，所以红汤比清汤沸的更早。
2,油的比热容比水低，吸收相同的热量，质量相同，由Q=cmΔt，c越大，Δt越小，及水温度变化比油小，且油的沸点比水低，故油锅内食物先熟。
3,红汤上的红油层有效阻挡了热量在表面的散失，吸热效率更高，因此到达沸点的速度更快，沸腾地也更快。油的沸点比水低，要更早沸腾
1,因为红汤上层有油，油的沸点较低，所以油与红汤混合后，使原来的沸点降低，低于清汤的沸点，所以红汤先沸腾
0,油沸点比水低
2,因为红汤有麻辣油可以减少热量的丧失而清汤无
2,红汤有油层，油的沸点比水低，达到红汤沸腾的温度比水快，所以红汤先沸腾。
4,油层可以防止汤吸热蒸发，散失热量，而清汤（无油层）则会在沸腾前因吸热蒸发，散失部分热量，所以沸腾较慢，所以相比之下，红汤一侧先沸腾。
2,上面有层油，相当于一个盖，可以加快液体沸腾。
3,一层油可以防止水分蒸发与散失热量，所以红汤温度比清汤高，先沸腾。油沸点低，沸腾时持续吸热，红汤温度上升较快。
0,油的沸点低于水的沸点，所以油会先沸腾，带动下面的水动，但水其实没有沸腾。
0,油的沸点低
1,因为红汤一侧有一层麻辣风味的油，与水形成乳浊液，降低溶液的沸腾点
0,红汤对比清汤中油更多，油的沸点比水低，所以红汤先沸腾
1,红汤用的油多，油比热容比水小，清汤在相同时间需要吸收的热量多，则红汤吸热升温比清汤快，所以红汤一侧先沸腾。
1,因为红汤的比热容比清汤小，相同时间内更容易煮沸
2,水的比热容比油大，因此吸收相同热量，油比水升温快，所以先沸腾。
0,沸点更低
0,因为红汤表面有层油气压减小沸点 降低
1,红汤中溶质较多，会使沸点降低。
0,红汤颜色深吸热多
0,因为红汤中带有油，而清汤中没有。
0,红油的沸点比水低
1,红汤的比热容比清汤小
1,因为红汤中混合一些比热容较低的油所以使其迅速沸腾，而清汤中只有比热容较高的水，沸腾慢
2,红油凝固在了红汤上面，使红汤形成一个封闭空间，温度无法分散到空气中，所以红汤更快沸腾
0,红汤好吃，火比较大
1,油层可以降温
0,因为红汤有油所以沸腾的快
0,因为水的比热容大于油的比热容。
1,因为红汤中油层起到了锁温的效果
0,因为麻辣风味的油沸点低
0,因为红汤一侧有一层油
2,红汤一侧页面有一层麻辣风味的油，油减少了热量的流失
1,红汤表面的油的比热容比水的比热容小
0,清汤的东西较少
1,因为红汤里面的比热容比清汤小。
1,因为红汤和清汤的热不一样
0,因为红汤锅中的红油达到受热点，开始沸腾，而清汤锅中没有油层，所以红汤锅比清汤锅沸腾的快。
0,沸点低
1,因为热传递
0,因为红汤上火了
0,油层可以加快食物的沸腾时间
0,沸点不同，油的沸点比水低
0,油红汤的沸点高所以先沸腾，清汤的沸点较低所以后沸腾。
1,因为有红油，比热容低
0,因为红汤的沸腾度小于清汤的沸腾度。
0,红汤内的油多，清汤没有油，油升温能快速沸腾
0,因为红汤有油清汤没有
0,因为红汤有油，油可以使锅快速沸腾。
0,因为有油
0,油的沸点高
0,因为有油，烧饭时放油时锅也会沸腾
0,红汤中有油，油与水的沸点不同。
1,油的比热容比水小
0,油的比热熔低
0,油的沸点低。沸腾现象
0,红汤中有油油的沸点比水低
0,因为红汤里面有油，因为油遇热会沸腾
0,因为有油，烧饭时放油时锅也会沸腾。
3,油层阻挡热温的散发导致热温过多而沸腾
0,红汤里有油，油的沸点低，水的沸点高，所以油先比水沸腾
0,油沸点低
0,油的沸点高
0,油的沸点低
0,油的沸点低
0,油的沸点比水的沸点低
0,因为相对于水来说，油的沸点较低
2,因为油可以保温，而清汤里没有油，所以红汤先沸腾。
1,红汤里的油沸点低，清汤沸点比红汤高所以加热时红汤先沸腾
0,油的沸点比水的沸点低
2,红汤上层有一层油可以有效减少热量的散失，而清汤上层没有油层，所以红汤的一侧先沸腾。
0,油的沸点低，沸腾现象
2,红汤上层有一层油可以有效减少热量的散失，而清汤上层没有油层，所以红汤的一侧先沸腾。
0,因为水的沸点比油要低
0,油的沸点低，沸腾现象
0,金属拥有导热性
2,油层阻挡热温的散发导致热温过多而沸腾
0,因为红汤是麻辣风味的油能很快预热。
0,相对于水来说，油的沸点较低
0,油的沸点低，沸腾现象
0,油的沸能低
0,红汤的温度高
0,因为油的沸点比水的沸点低
0,油的比热容比水大
2,油的比热容小，且有较好的隔热作用，所以鸳鸯锅中红汤一侧散失热量较少，所以红汤先沸腾。
1,①油沸点比水低②油能隔热
1,1.红汤里有热油，沸点较水低，更易沸腾。2.油能隔热，能有效阻值热量的损耗。
0,油的比热容比水小
2,油的沸点比水高，比热容比水低，飘在水面上可以保温，阻止水热量散失，因而红汤一侧先沸腾
1,①油的沸点低②油阻挡了水热量的散失。
1,油层温度不易散失，油的沸点比水低
0,油的沸点低于水，先沸腾
0,油的沸点低于水，沸腾快。
0,红汤的沸点比白汤的低
0,油比热容比水小，吸收相同热量，油升温快。
0,有点沸点低于水的沸点
2,红汤上方有油封住，使汤底的热量难以散失，红汤升温快，先沸腾。
2,清汤一侧汤中热量直接由水传递到空气中，而红汤在水和空气间增添了一层油，油的传热效果比水弱，因此红汤相当于在水和空气中增加了一层保温层，而清汤没有，因此红汤一侧先沸腾。
1,油分子大，热量难以从油面上散出（相对于水而言）。
3,清汤和红汤的质量和初温相同，比热容相近，红汤液面上有一层油，热量不易散失，所以先沸腾
2,清汤一侧无油，红汤一侧有油，油有密封作用，密封了热量，减少热量散失，所以红汤先热
0,红汤一侧有油脂，油脂可吸收大量的热，防止热量散失，而清汤一侧无油脂，热量散失较多，因此，红汤先沸腾。
4,红汤油大，油密度少于水，浮在上面，阻碍水蒸气蒸发散热，故先沸腾
3,红汤一侧有油，油有密封作用，减少热量散失，所以红汤先达到沸点沸腾。
1,油有密封作用，可减少热量散失
1,油有密封作用，减少热量散失
1,油可以保温
0,红汤有油层，清汤没有。
4,红汤上有一层油脂，使红汤中的汤热量损失速率降低，使其快速达到沸点。
0,油的比热容比水小
0,红汤比热容小
0,红汤和清汤比热容不同，红汤比热容小，清汤比热容小
3,红汤一侧有油，油有密封作用，减少热量散失，所以红汤先热
0,油的沸点比水低
0,油的沸点比水低
0,油的沸点低于汤的沸点
